reading	hanri	priority	corrected
# implicit-tone-overrides (single Hangul-only hanri rows used when the typed form has no tone mark)			
갗	갗	1	
뎋	뎋	1	
캏	캏	1	
릐2	릐ˋ	1	
꽈2	꽈ˋ	1	
이5	이ˉ	1	
꾼2	꾼ˋ	1	
꽌2	꽌ˋ	1	
란2	란ˋ	1	
린2	린ˋ	1	
인5	인ˉ	1	
아5	아ˉ	1	
곻	곻	1	
낫2	낫ˋ	1	
렁2	렁ˋ	1	
빼2	빼ˋ	1	
뻐2	뻐ˋ	1	
뽀4	뽀ˊ	1	
뾔5	뾔ˉ	1	
쉬2	쉬ˋ	2	
시5	시ˉ	1	
허5	허ˉ	1	
짖	짖	1	
쟟	쟟	1	
쟈1	쟈ˆ	1	
힏	힏	1	
햐1	햐ˆ	1	
애	애	1	
매	매	1	
얓	얓	1	
감2	감ˋ	1	
가2	가ˋ	1	
제1	제ˆ	1	
쟣	쟣	1	
에당	에당	1	
뾔당	뾔당	1	
렁1정2	렁ˆ總	1	
안1니1	안ˆ니ˆ	1	
안1네1	안ˆ네ˆ	1	
쟟1니5	쟟ˆ니ˉ	1	
햫	햫	1	
햫1니5	햫ˆ니ˉ	1	
헤1	헤ˆ	1	
0	0	1	컹
1	1	1	짇1
2	2	1	띠5
3	3	1	살1
4	4	1	시
5	5	1	꺼5
6	6	1	락1
7	7	1	칟
8	8	1	뵣
9	9	1	ᄀᅷ2
’꽈	’꽈	1	
’됴	’됴	1	
’둏	’둏	1	
’래	’래	1	
’릐	’릐	1	
’ᄅᆤ2	’ᄅᆤ	1	
’ᄅᆤ2	’ᄅᆤˋ	2	
’뽀4	’뽀ˊ	1	
’에	’에	1	
’이	’이	1	
’킈	’킈	1	
가1	家	2	
가5기5	家己	1	
가5끼5	嘉義	1	
가5덩1	加東	1	
가5도1	鉸刀	1	
가5ᄉᅷ	咳嗽	1	
가5야1	가ˉ야ˆ	1	
가5야5또디1	가ˉ야ˉ또디ˆ	1	
각1딛	覺得	1	
간1	艱	1	
간5커2	艱苦	1	
감1	甘	2	
감1각	感覺	1	
강1	工	1	
개1볜	改變	1	
개2	改	1	
걀1	驚	1	
걀1	京	4	
걀1띠4	囝兒	1	
걀2	囝	3	
걀4	行	2	
걀5랑4	驚人	1	
걀5랑ᄐᅷ1	驚人偷	1	
걈4	鹹	1	
걈서5괴1	鹹酥雞	1	
거	顧	1	
거1	孤	1	
거2랑완	顧人怨	1	
거2수5	故事	1	
거4	糊	1	
거5돨1	孤單	1	
걱	國	1	
걱	國	1	
걱1가1	國家	1	
걱1립1	國立	1	
걱1제	國際	1	
걱1제2기5듈4	國際機場	1	
걱1후5	國父	1	
겅1	光	2	
겅1	公	1	
겅1웨5	講話	1	
겅1후1랑4	廣府人	1	
겅1후1웨5	廣府話	1	
겅1후2	廣府	1	
겅2	講	1	
겅5마2	公媽	1	
겅5시1	公司	1	
겅5주2	公主	1	
겅5흥4	公園	1	
게	嫁	2	
게1	家	1	
게2ᄀᅷ	計較	1	
게5보4	家婆	1	
게5ᄋᅷ5	家後	1	
경4	強	1	
경5	共	1	
곈5치4	堅持	1	
곋1훈1	結婚	1	
곙1	經	1	
곙2	境	1	
고5뎡1	高中	1	
고5비1	고ˉ비ˆ	1	
고5비5댬5	고ˉ비ˉ店	1	
고5형4	高雄	1	
과1	歌	1	
과2	寡	1	
관2	館	1	
괄4	寒	2	
괄5	汗	1	
괘	怪	1	
괠4	懸	1	
괠5	縣	1	
괴1	雞	1	
괴5능5	雞卵	1	
괴5빻	雞肉	1	
교	叫	1	
구1	龜	1	
구5	舅	1	
궤	過	1	
궤1ᄃᆤ4	粿條	1	
궤2	粿	1	
긍1	光	1	
긍1당1	廣東	1	
긍1당5랑4	廣東人	1	
긍1당5웨5	廣東話	1	
긍5얄2얄	光映映	1	
기	記	1	
기1	機	3	
기2럄5	紀念	1	
기2럄관2	紀念館	1	
기4	其	1	
기5듈4	機場	1	
기5챠1	機車	1	
기싣1	其實	1	
긴2	緊	1	
긴5띧1	今日	1	
긴5아1띧1	今仔日	1	
길5장	鹼粽	1	
김1	金	1	
김5믕4	金門	1	
ᄀᅷ	到	1	
ᄀᅷ	夠	2	
ᄀᅷ1밯	九百	1	
ᄀᅷ1새2	狗屎	1	
ᄀᅷ1잡1	九十	1	
ᄀᅷ2	狗	4	
ᄀᅷ2	九	3	
ᄀᅷ2역1	教育	1	
ᄀᅷ2역버5	教育部	1	
ᄀᅷ4	猴	1	
ᄀᅷ5텅1	交通	1	
깍1	樂	1	
꺼5	五	1	
꺼밯	五百	1	
꺼잡1	五十	1	
께5	藝	1	
께숟1	藝術	1	
꼔뿐4	諺文	1	
꼬4	鵝	1	
꼬빻	鵝肉	1	
꽌래4	原來	1	
꽏대4	月台	1	
꾸1꼔4	語言	1	
꾸2	語	1	
꾸4	牛	1	
꾸니1	牛奶	1	
꾸덤4	牛丼	1	
꾸롕1	牛奶	1	
꾸빻	牛肉	1	
꾸챠5쥐2	牛車水	1	
뀋1	月	1	
꾼4	銀	1	
끤4	銀	1	
끼5	義	1	
끼란4	宜蘭	1	
끼순5	義順	1	
냐4	娘	1	
뉴4	娘	1	
뉴5	讓	2	
뉴뉴4	娘娘	1	
능2	軟	3	
능5	兩	1	
능5	卵	2	
능랑4	兩人	1	
능밯1커1	兩百箍	1	
능빤커1	兩萬箍	1	
능에4	兩个	1	
능잡1*	二十	1	띠잡1
능잡커1*	二十箍	1	띠잡커1
능쳰5커1*	兩千箍	1	능촁5커1
능촁5커1	兩千箍	1	
니1	奶	1	
니4	年	1	
ᄂᆤ1	貓	1	
ᄂᆤ1츼2	鳥鼠	1	
다1	焦	1	
다5컥1컥	焦컥ˆ컥	1	
닥게1	逐家	1	
단1태5	等待	1	
단2	等	1	
단4	陳	2	
달2	膽	1	
담1한4	膽寒	1	
담5	淡	1	
담쥐1호4	淡水河	1	
담쥐2	淡水	1	
당	當	2	
당1	東	1	
당1	當	3	
당1	冬	4	
당5	重	1	
당5걀1	東京	1	
당5람4	東南	1	
당5람새5박	東南西北	1	
당5람아1	東南亞	1	
당5새5람박	東西南北	1	
당5아1	東亞	1	
당왈1	同安	1	
닿1	踏	1	
닿1	踏	1	
대뎡1	台中	1	
대람4	台南	1	
대박	台北	1	
대박1챠5잠5	台北車站	1	
대박1챠5ᄐᅷ4	台北車頭	1	
대박1치5	台北市	1	
대박1치졩2후2	台北市政府	1	
대완4	台灣	1	
대완랑4	台灣人	1	
대완웨5	台灣話	1	
댤5	定	1	
댤댤5	定定	1	
댬1졩1	點鐘	1	
댬2	點	1	
더1	都	1	
더5	都	1	
더치5	都市	1	
덤4	丼	1	
덩	當	2	
덩1	當	1	
덩1	東	3	
덩1완4	黨員	1	
덩2솬2	當選	1	
덩5뗸4	當然	1	
덩5처1	當初	1	
데1데2	短短	1	
데2	短	2	
데4	茶	1	
데5	地	3	
데5	第	1	
데띠5	第二	1	
데살1	第三	1	
데읻	第一	1	
데읻1뎽2	第一等	1	
뎔톼	長泰	1	
뎡1	中	1	
뎡5걱	中國	1	
뎡5걱1랑4	中國人	1	
뎡5산1	中山	1	
뎡5옿1	中學	1	
뎡5화4	中華	1	
뎡신1	重新	1	
뎡ᄋᆤ	重要	1	
뎬5	電	1	
뎬ᄂᅷ2	電腦	1	
뎬시5	電視	1	
뎬시기1	電視機	1	
뎬얄2	電影	1	
뎬웨5	電話	1	
뎬훼2	電火	1	
뎽1	燈	1	
뎽2	等	3	
뎽2	頂	2	
뎽5긍1	燈光	1	
도1	刀	1	
도1위5	도ˆ위ˉ	1	
도리2	道理	1	
돟	桌	1	
돠5	大	1	
돠랑4	大人	1	
돠바5요4	大巴窯	1	
돠샬1	大聲	1	
돠쇠2샬1	大細聲	1	
돠옿1	大學	1	
돨1	單	1	
되5	地	1	
됴솰2웨5	潮汕話	1	
됴쥬1	潮州	1	
됴쥬5웨5	潮州話	1	
둏1	著	1	
뒈	綴	1	
뒈2랑ᄌᅷ2	綴人走	1	
뒤	對	1	
듀ᄎᅷ1랑4	稻草人	1	
듀ᄎᅷ2	稻草	1	
듈톼	長泰	1	
등	當	2	
등1	當	1	
등1추	轉厝	1	
등2	轉	1	
등2’래	轉’래	1	
등2’킈	轉’킈	1	
등4	唐	1	
등랑4	唐人	1	
등랑웨5	唐人話	1	
등솰1	唐山	1	
듸1	豬	1	
듸5빻	豬肉	1	
디5	弟	1	
딜1	甜	1	
딜5궤2	甜粿	1	
ᄃᅷ	鬥	1	
ᄃᅷ2되2	到底	1	
ᄃᅷ2딘5	鬥陣	1	
ᄃᅷ5	豆	1	
ᄃᅷ장	豆粽	1	
ᄃᅷ후5	豆腐	1	
ᄃᅷ훼1	豆花	1	
ᄃᅷ훼5쥐2	豆花水	1	
ᄃᆤ4	條	1	
ᄃힻ1ᄃힻ2	短短	1	
ᄃힻ2	短	1	
뗸4	然	1	
또디1	또디ˆ	1	
뙇1	熱	1	
뚜4	如	1	
띠5	二	1	
띠5	字	1	
띠잡1	二十	1	
띠잡커1	二十箍	1	
띤삔4	人民	1	
띤솅1	人生	1	
띤수5	人事	2	
띤심1	人參	3	
띤졩4	人情	1	
띧1	日	1	
띧1	日	1	
띧1’시	日’시	1	
띧분1랑4	日本人	1	
띧분2	日本	1	
띱1	入	1	
띱ᄏᅷ2	入口	1	
락1	六	1	
락밯	六百	1	
락잡1	六十	1	
란고	難過	1	
람4	南	1	
람왈1	南安	1	
람율4	南洋	1	
랑4	人	1	
랑4	聾	2	
랑4	人	1	
랑5	弄	3	
래4	來	1	
래5	內	2	
럄5	念	1	
럄곙1	念經	1	
러1롁1	努力	1	
러2	魯	2	
러5	路	1	
러5	露	3	
러영5	路用	1	
러옝5	路用	1	
럭1	樂	1	
럭강2	鹿港	1	
럭폑	落魄	1	
렁5	浪	1	
렁주2	浪子	1	
레1ᄆᅷ5	禮貌	1	
레2	禮	1	
령1겅1	兩光	1	
령4	龍	1	
령심1	良心	1	
령해2	龍海	1	
롁데4	綠茶	1	
롇챠1	列車	1	
롕1	奶	1	
롕1담5	冷淡	1	
롕1롕2	冷冷	1	
롕1키	冷氣	1	
롕2	冷	1	
롕4	龍	1	
로소1	囉嗦	1	
롷1	落	1	
롷허5	落雨	1	
롼겅2	亂講	1	
롼래4	亂來	1	
롼졩4	戀情	1	
릐1호2	릐ˆ호ˋ	1	
리1강1	理工	1	
리1셩2	理想	1	
리1호2*	릐ˆ호ˋ	1	릐1호2
리2	理	1	
림1	飲	1	
림1’롷킈	飲’롷킈	1	
림5데4	飲茶	1	
림5쥐2	飲水	1	
림5쥬2	飲酒	1	
림5틍1	飲湯	1	
림추2강2	林厝港	1	
ᄅᅷ	漏	3	
ᄅᅷ2퀴	漏氣	1	
ᄅᅷ4	流	1	
ᄅᅷ4	樓	1	
ᄅᅷ5	老	2	
ᄅᅷᄀᅷ4	老猴	1	
ᄅᅷ베5	老爸	1	
ᄅᅷ뿌2	老母	1	
ᄅᅷ컥1컥	老컥ˆ컥	1	
ᄅᆤ1개2	了解	1	
마1래세5아1	馬來西亞	1	
마1래세5아5랑4	馬來西亞人	1	
마1저2	媽祖	1	
마2	馬	1	
마2	媽	1	
매5로1	매ˉ로ˆ	1	
먀5	命	1	
메4’시	暝’시	1	
메5끼1	메ˉ끼ˆ	1	
메5끼5미5	메ˉ끼ˉ麵	1	
뭬5	妹	1	
뮈1띧1	每日	1	
믕4	門	1	
믕4	毛	3	
믕5	問	1	
미4’시	暝’시	1	
미5	麵	1	
미걀2	麵囝	1	
미봏1	麵薄	1	
미솰	麵線	1	
미솰2거4	麵線糊	1	
바5삳	巴剎	1	
박	腹	1	
박	北	1	
박1걀1	北京	1	
박1더2	腹肚	1	
박1래5	腹內	1	
반1	班	1	
반5기1	班機	1	
받랑4	別人	1	
방	放	1	
방2강1	放工	1	
방2새2	放屎	1	
밯	百	1	
밯1커1	百箍	1	
뱔	拚	2	
뱔2	餅	1	
버5	步	1	
벻1	白	1	
벻틍4	白糖	1	
벻틍궤2	白糖粿	1	
볜	變	1	
볜덩1	便當	1	
볭4	朋	2	
볭4	平	1	
볭셩4	平常	1	
볭유2	朋友	1	
보	報	1	
보2	寶	2	
보2좌2	報紙	1	
보4	婆	1	
보5되2	坡底	1	
보5레4	玻璃	1	
보5레붸1	玻璃杯	1	
봏1	薄	1	
봘4	盤	1	
봫1	跋	1	
봫붸1	跋杯	1	
뵣	八	1	
뵣1밯	八百	1	
뵣1잡1	八十	1	
분1	分	1	
분2	本	1	
붸1	杯	1	
붸1	飛	1	
붸4	陪	2	
붸5기1	飛機	1	
뷔4	肥	1	
븡5	飯	1	
비1새	比賽	1	
비2	比	1	
빈덩1	屏東	1	
빌1	邊	1	
빟	鱉	1	
ᄇᅷ1	包	1	
빡1	目	1	
빡새2	目滓	1	
빡쥬1	目睭	1	
빤4	閩	3	
빤5	萬	2	
빤5	慢	1	
빤꾸2	閩語	1	
빤람4	閩南	1	
빤람꾸2	閩南語	1	
빤졘5궤2	曼煎粿	1	
빤커1	萬箍	1	
빵1갛	艋舺	1	
빵5	夢	1	
빻	肉	1	
빻1장	肉粽	1	
빻1초	肉脞	1	
빻1초2미5	肉脞麵	1	
빻1테2	肉體	1	
뻑뎩1	目的	1	
뻥4	茫	1	
뻬2	馬	1	
뻬4	迷	1	
뻬5	妹	1	
뻬랑4	迷人	1	
뼇	欲	1	
뼨2	免	1	
뼹4	明	1	
뼹뼹4	明明	1	
뽀얄2	뽀影	1	
뽀ᄋᆤ2긴2	뽀要緊	1	
뽀찹	뽀插	1	
뾔1표	買票	1	
뾔2	買	1	
뾔5	賣	2	
뾔ᄋᆤ2긴2	뾔要緊	1	
뾔표	賣票	2	
뾧1표	買票	1	
뾧2	買	1	
뾰2	秒	1	
뿌2	母	1	
뿐4	文	1	
뿐띠5	文字	1	
뿐레2	文禮	1	
쀄2	尾	1	
쀄5	未	1	
삐1걱	美國	1	
삐1걱1랑4	美國人	1	
삐1세2개	美世界	1	
삐1훈1궤2	米粉粿	1	
삐1훈1틍1	米粉湯	1	
삐1훈2	米粉	1	
삐2	米	1	
삐2	美	2	
삐래4	未來	1	
삔4	民	2	
삔5	面	1	
삗1	蜜	1	
산2버5	散步	1	
살1	三	1	
살1	衫	2	
살5밯	三百	1	
살5잡1	三十	1	
살5훈1	三分	1	
새1	西	1	
새1챠1	駛車	1	
새2	屎	2	
새2	駛	3	
샬1	聲	1	
샬1밓1	샬ˆ밓ˆ	1	
샬5임1	聲音	1	
샴1샴1싷	閃閃爍	1	
샴1샴1싷1싷	閃閃爍爍	1	
샴1싷	閃爍	1	
서1	酥	2	
서1이2	所以	1	
서1잇2	所以	1	
서2	所	1	
섬5뻥5	森妄	1	
성	喪	2	
성2	爽	1	
성2달2	喪膽	1	
세	世	1	
세1	西	2	
세2간1	世間	1	
세2개	世界	2	
세2수5	世事	1	
세5율4	西洋	1	
셀1	生	1	
셀5띧1	生日	1	
셀5시2	生死	1	
셜5	想	2	
셩	相	5	
셩1	傷	2	
셩1	相	4	
셩2필	相片	1	
셩4	常	3	
셩5	上	1	
셩5신	相信	1	
셩5훈4	傷痕	1	
셩안1	翔安	1	
셱	色	1	
셱1	熟	1	
셱1띧1	昔日	1	
셱새5	熟似	1	
솅1	先	1	
솅5리2	生理	1	
솅5왛1	生活	1	
솅강2	盛港	1	
솅겅1	成功	1	
솬1뎩1	選擇	1	
솬1쿠1	選區	1	
솬1표	選票	1	
솬2	選	1	
솰	傘	2	
솰	線	1	
솰1	山	1	
솰2ᄐᅷ4	汕頭	1	
솰5구1	山龜	1	
솰5뎽2	山頂	1	
쇠	細	1	
쇠2샬1	細聲	1	
쇼1	相	2	
쇼1	燒	1	
쇼1디5	小弟	1	
쇼1뭬5	小妹	1	
쇼1뻬5	小妹	1	
쇼1옿1	小學	1	
쇼2	小	1	
쇼5쇼1	燒燒	1	
숗	惜	1	
숗1볟1	惜別	1	
수1뗸4	使然	1	
수2	駛	3	
수2	使	2	
수5	事	1	
수5럄5	思念	1	
수5ᄋᆤ	需要	1	
순5	順	1	
순5뎡5산1	孫中山	1	
숟1	術	1	
슈쥐2	泅水	1	
슈키	受氣	1	
슐5	想	1	
슐뼇	想欲	1	
승	算	3	
승1	酸	1	
승2	耍	2	
승2ᄉᆤ	算數	1	
싀돠5	序大	1	
싀돠랑4	序大人	1	
시	四	3	
시2	死	4	
시2밯	四百	1	
시2잡1	四十	1	
시4	時	2	
시간1	時間	1	
시졩1	時鐘	1	
시준5	時陣	1	
신	信	3	
신1	身	2	
신1	新	1	
신5가5보1	新加坡	1	
신5가5보5랑4	新加坡人	1	
신5가5포1*	新加坡	1	신5가5보1
신5뎩	新竹	1	
신5부5	新婦	1	
신5빌1	身邊	1	
신5뿐4	新聞	1	
신5쿠1	身軀	1	
신5테2	身體	1	
싣	失	2	
싣1	實	1	
싣1지	失志	1	
싣1킈	失去	1	
실1	生	1	
심1	心	1	
심1밓1	심ˆ밓ˆ	1	
심5괄1	心肝	1	
괄1	肝	1	
심5애	心愛	1	
심5이	心意	1	
ᄉᅷ	掃	1	
ᄉᆤ	數	2	
ᄉᆤ2	痟	1	
ᄉᆤ2럄5	數念	1	
ᄉᆤ2롄4	少年	1	
아2	啞	1	
아5겅1	阿公	1	
아5구5	阿舅	1	
아5냐4	阿娘	1	
아5마2	阿媽	1	
아5보4	阿婆	1	
아5뿌2	阿母	1	
아5뿌2	阿母	1	
아5이4	阿姨	1	
아5저2	阿祖	1	
아5졕	阿叔	1	
아5지2	阿姊	1	
아5햘1	阿兄	1	
안1	安	1	
안5쾨1	安溪	1	
암	暗	1	
암2메4	暗暝	2	
암2미4	暗暝	1	
암2소소4	暗趖趖	1	
암2시4	暗時	1	
암2안1	暗安	1	
앙4	紅	1	
앙구5궤2	紅龜粿	1	
앙데4	紅茶	1	
앙ᄃᅷ5	紅豆	1	
앙머4	紅毛	1	
앙머교4	紅毛橋	1	
앙솰1	紅山	1	
앟	鴨	1	
앟1빻	鴨肉	1	
애	愛	2	
애2띤4	愛人	1	
애2졩4	愛情	1	
야5	夜	1	
야더치5	夜都市	1	
얄2	影	1	
얌4	鹽	1	
어1	烏	1	
어2	挖	2	
어4	胡	3	
어5령4	烏龍	1	
어5령데4	烏龍茶	1	
어5벻1	烏白	1	
어5벻겅2	烏白講	1	
어5임1	烏陰	1	
어진2덩1	胡震東	1	
엉1수5	往事	1	
엉1엉2	往往	1	
엉2	往	1	
엉4	王	1	
엉주2	王子	1	
엉허5	王后	1	
에4	个	1	
에5	下	2	
에5	下	1	
에믕4	廈門	1	
에흥1	下昏	1	
영1키	勇氣	1	
영2	勇	2	
영5	用	1	
옌ᄃᅷ4	緣投	1	
옝1완2	永遠	1	
옝1춘1	永春	1	
옝5	用	1	
옝5걱	英國	1	
옿1	學	1	
완	怨	1	
완2키	怨氣	1	
완2탄	怨嘆	1	
완탄1	雲吞	1	
완탄5미5	雲吞麵	1	
왇람4	越南	1	
왇람랑4	越南人	1	
왈	晏	1	
왈1궤2	碗粿	1	
왈2	碗	1	
왈2ᄀᅷ	晏到	1	
왛1	活	1	
외2	矮	1	
외4	鞋	1	
우5	譽	1	
우시4	우時	1	
우얄2	우影	1	
우얄2’뽀4	우影’뽀ˊ	1	
운5	運	1	
운덩5	運動	1	
욷1줃	鬱卒	1	
웨5	話	1	
위5	為	1	
유1	憂	2	
유1ᄒᅷ	有孝	1	
유2	友	1	
유2미5	幼麵	1	
유4	油	1	
유5셩1	憂傷	1	
유ᄀᅷ	油垢	1	
유ᄀᅷ2ᄀᅷ	油垢垢	1	
유ᄀᅷ2삐5	油垢味	1	
유디4	油池	1	
율4	羊	1	
율4	洋	2	
음둏1	음著	1	
음시5	음시ˉ	1	
응4	黃	1	
이	意	2	
이1곙1	已經	1	
이1ᄅᆤ4	椅條	1	
이2끼5	意義	1	
이2수	意思	1	
이4	姨	3	
인2	引	1	
인2더5	印度	1	
인2더랑4	印度人	1	
인5위5	因為	1	
읻	一	2	
읻1뎽2	一等	1	
읻1뎽5	一定	1	
읻1솅1	一生	1	
임1	音	1	
임1	陰	1	
임5깍1	音樂	1	
ᄋᅷ5	後	1	
ᄋᅷ강2	後港	1	
ᄋᅷ붸2	後尾	1	
ᄋᆤ2긴2	要緊	1	
자1키2	早起	1	
자2	早	1	
자5뻐2	자ˉ뻐ˋ	1	
잔1	曾	1	
잔4	層	1	
잗	節	1	
잡1	十	1	
잡꺼5	十五	1	
잡커1	十箍	1	
장	粽	1	
재1	知	1	
재5얄2	知影	1	
쟘1	尖	1	
쟘5ᄐᅷ4	尖頭	1	
쟘5ᄐᅷ또디1	尖頭또디ˆ	1	
쟝5쥬1	漳州	1	
쟣1	食	1	
쟣미5	食麵	1	
쟣바2	食飽	1	
쟣바2’ᄅᆤ2	食飽’ᄅᆤˋ	1	
쟣바2’쀄	食飽’쀄	1	
쟣븡5	食飯	1	
쟣새2	食屎	1	
쟣처	食醋	1	
저2	祖	1	
정1덕	總督	1	
정1텅2	總統	1	
정2	總	1	
제	債	4	
제	製	5	
제	際	6	
제	祭	7	
제1	災	2	
제1	齋	3	
제5	坐	1	
젹1헉	祝福	1	
졍1	章	1	
졍2	種	2	
졍5화	彰化	1	
졍5홛	章法	1	
졕	叔	1	
졘1	煎	1	
졩1	鐘	2	
졩2후2	政府	1	
졩4	情	1	
졩4	曾	3	
졩곙1	曾經	1	
좌1띠5	紙字	1	
좌2	紙	1	
좌4	蛇	1	
좐쟝1	泉漳	1	
좐쟝5웨5	泉漳話	1	
좐쥬1	泉州	1	
죄	做	2	
죄2딘5	做陣	1	
죄2빵5	做夢	1	
죄4	齊	3	
죠5허1	招呼	1	
죠	照	1	
죻새1	石獅	1	
주	注	3	
주1	珠	6	
주1	書	5	
주1ᄋᆤ	主要	1	
주2	煮	1	
주2	子	2	
주2	主	4	
주2댤5	註定	1	
주경호5	自強號	1	
주재5	自在	1	
준	俊	3	
준4	船	2	
준5	陣	1	
준준5	陣陣	1	
줴	最	2	
줴5	罪	5	
쥐	醉	2	
쥐2	水	1	
쥐2빵빵4	醉茫茫	1	
쥬1령5	酒量	1	
쥬2	酒	1	
쥬5후2	州府	1	
쥴5퍼2	漳浦	1	
지	志	1	
지1뭬5	姊妹	1	
지1뻬5	姊妹	1	
지2	姊	1	
진	震	2	
진1	真	1	
진2강1	晉江	1	
진2덩1	震東	1	
짇1	一	1	
짇강1	一工	1	
짇과2	一寡	1	
짇기1	一支	1	
짇기1	一枝	2	
짇댬2	一點	1	
짇딯	一滴	1	
짇ᄃᆤ4	一條	1	
짇띧1	一日	1	
짇밯1커1	一百箍	1	
짇붸1	一杯	1	
짇빤커1	一萬箍	1	
짇시4	一時	1	
짇에4	一个	1	
짇졍2	一種	1	
짇쳰5커1*	一千箍	1	짇촁5커1
짇촁5커1	一千箍	1	
질4	錢	1	
짖1에4	짖ˆ个	1	
짛1	舌	1	
ᄌᅷ1킈	走去	1	
ᄌᅷ2	走	1	
ᄌᆤ	照	1	
ᄌᆤ2	鳥	2	
ᄌᆤ2거	照顧	1	
ᄌᆤ2거	照顧	1	
ᄌᆤ2겅2	照講	1	
ᄌᆤ2키1강1	照起工	1	
차1궤1ᄃᆤ4	炒粿條	1	
차1븡5	炒飯	1	
차1삐1훈2	炒米粉	1	
차2	炒	2	
차2	吵	1	
차5슈1	叉燒	1	
찹	插	1	
채	菜	1	
채2치5	菜市	1	
채2ᄐᅷ궤2	菜頭粿	1	
챠1	車	1	
챠5잠5	車站	1	
챠5ᄐᅷ4	車頭	1	
챨2	請	1	
챻1챻	챻ˆ챻	1	
처	醋	2	
처1	粗	1	
처1	初	3	
처5러2	粗魯	1	
체1	叉	1	
첼1	青	1	
쳏	冊	1	
쳥1	沖	2	
쳥1	衝	1	
쳰1	千	1	
쳰5커1*	千箍	1	촁5커1
촁1	千	1	
촁1	清	1	
촁5	穿	1	
촁5	穿	1	
촁5초2	清楚	1	
촁5춘1	青春	1	
촁5칠2	清醒	1	
촁5커1	千箍	1	
촁5화4	清華	1	
촁살1	穿衫	1	
초	錯	1	
초	錯	1	
촤2추2강2	蔡厝港	1	
촨2	喘	1	
최1	初	1	
최5읻	初一	1	
최5읻1잡꺼5	初一十五	1	
쵸	笑	1	
쵸2영4	笑容	1	
추	厝	1	
춛	出	1	
춛1ᄏᅷ2	出口	1	
취	喙	1	
취2짛1	喙舌	1	
츄2	手	1	
츌	唱	1	
츌2과1	唱歌	1	
츼2	鼠	1	
치5	市	1	
치뎔2	市長	2	
치듈2	市長	1	
친1	親	1	
친2채2	친ˋ채ˋ	1	
친5애	親愛	1	
친5츌5	親像	1	
칟	七	1	
칟1밯	七百	1	
칟1잡1	七十	1	
칟1토4	칟ˆ토ˊ	1	
칟1훈1	七分	1	
칠1	青	1	
칠2’래	醒’래	1	
침1	深	1	
ᄎᅷ2	草	1	
ᄎᅷ2힐랑4	臭耳聾	1	
ᄎᆤ4	撨	1	
카1	跤	1	
카2믕4	敲門	1	
카5닿싣데5	跤踏實地	1	
카5닿챠1	跤踏車	1	
카5층1	尻川	1	
카5ᄐᅷ우1	跤頭趺	1	
카5ᄐᅷ후1	跤頭趺	1	
캬5	騎	1	
캬5	徛	1	
커1	箍	1	
커2	苦	1	
코	靠	1	
코1롄4	可憐	1	
코1비2	可比	1	
코1숗	可惜	1	
코1애	可愛	1	
코2	可	1	
콴2	款	1	
콸	看	1	
쾌	快	1	
쾌2럭1	快樂	1	
쿠1	軀	1	
쿠1	區	1	
쿤’킈	睏’킈	1	
퀴	氣	2	
퀼2왛1	快活	1	
킈	去	1	
키	氣	1	
키1ᄉᆤ2	起痟	1	
키2	起	1	
킨1	輕	1	
킨5샬1	輕聲	1	
킨5코2	輕可	1	
킨5킨1	輕輕	1	
ᄏᅷ	哭	1	
ᄏᅷ2	口	1	
ᄏᅷ2베5	哭爸	1	
ᄏᅷ2베ᄏᅷ2뿌2	哭爸哭母	1	
ᄏᅷ2뿌2	哭母	1	
탁1	讀	1	
탁주1	讀書	1	
탁쳏	讀冊	1	
탕1	通	1	
탕4	蟲	1	
태2걱	泰國	1	
태2걱1랑4	泰國人	1	
턀1	聽	1	
터	兔	1	
터	吐	2	
텅1	通	1	
테1꺔5	體驗	1	
테1령5	體諒	1	
테2	體	1	
토흥4	桃園	1	
툐1	挑	1	
툰1	吞	1	
틍1	湯	1	
틍4	糖	1	
틍5시4	湯匙	1	
틍감5삗딜1	糖甘蜜甜	1	
틸1	天	1	
틸5긍1	天光	1	
틸5셱	天色	1	
틸5키	天氣	1	
팋	鐵	1	
ᄐᅷ	透	2	
ᄐᅷ1	偷	3	
ᄐᅷ4	頭	1	
ᄐᅷ믕4	頭毛	1	
ᄐᅷ졩4	頭前	1	
ᄐᆤ	跳	1	
ᄐᆤ’롷킈	跳’롷킈	1	
ᄐᆤ5강1	挑工	1	
팧	拍	1	
팧1뱔	拍拚	1	
팧1승	拍算	1	
팰1걀2	歹囝	1	
팰1운5	歹運	1	
팰1콸	歹看	1	
팰2	歹	1	
퍼1텅1	普通	1	
퍼2	普	1	
폑1산1	碧山	1	
폔	騙	1	
폔2주2	騙子	1	
포1	波	1	
포5렁5	波浪	1	
표	票	1	
풰1	批	1	
풰4	皮	1	
풰후1	皮膚	1	
핀2	品	1	
필5	鼻	1	
필새2	鼻屎	1	
필캉1	鼻空	1	
ᄑᅷ	泡	1	
ᄑᅷ2미5	泡麵	1	
ᄑᅷ2데4	泡茶	1	
학솅1	學生	1	
한걱	韓國	1	
한걱1랑4	韓國人	1	
해1셩5	海上	1	
해1옝2	海湧	1	
해1해2	海海	1	
해1활5	海岸	1	
해2	海	1	
햘1	兄	1	
햘5디5	兄弟	1	
햘5디지1뭬5	兄弟姊妹	1	
햘5디지1뻬5	兄弟姊妹	1	
햠1	薟	1	
햠4	嫌	1	
햠5죠1	薟椒	1	
향1키2	響起	1	
향2	響	1	
허2	虎	3	
허5	雨	2	
허5	護	1	
허솰	雨傘	1	
허죠	護照	1	
헉1곈	福建	1	
헉1곈2랑4	福建人	1	
헉1곈2미5	福建麵	1	
헉1곈2웨5	福建話	1	
헝1	風	1	
헝5허5	風雨	1	
헝5헝5우1우2	風風雨雨	1	
헝데	皇帝	1	
형5강2	香港	1	
혠	獻	1	
혱1	興	1	
혱4	衡	3	
혱5	幸	2	
혱헉	幸福	1	
호1걀2	好囝	1	
호1운5	好運	1	
호1쟣1	好食	1	
호1호2	好好	1	
호2	好	1	
호4	和	3	
호4	河	4	
호5	號	2	
화4	華	1	
화꾸2	華語	1	
환4	繁	2	
환4	煩	1	
환4	環	1	
환5꼥4	歡迎	1	
환곙2	環境	1	
환로2	煩惱	1	
환화4	繁華	1	
홛	法	1	
홛1보2	法寶	1	
활1	歡	1	
활5	捍	2	
활5히2	歡喜	1	
활챠1	捍車	1	
홸딛1	橫直	1	
후마2	駙馬	1	
훈	奮	8	
훈1	薰	2	
훈1	分	1	
훈1궤2	粉粿	1	
훈2	粉	4	
훈2ᄃᅷ	奮鬥	1	
훈4	魂	3	
훈4	痕	5	
훈4	雲	7	
훈5	昏	6	
훈림4	雲林	1	
훼	歲	3	
훼1	花	1	
훼1챠1	火車	1	
훼2	火	2	
훼4	回	4	
훼5흥4	花園	1	
훼ᄐᅷ4	回頭	1	
휘5기1	飛機	1	
휘왈1	惠安	1	
히2	喜	1	
히5빵5	希望	1	
힏1에4	힏ˆ个	1	
힐5	耳	1	
힐캉1	耳空	1	
ᄒᅷ셀1	後生	1	
ᄒᅷ실1	後生	1	
ᄒᆤ2	曉	1	
ᄒᆤ5배1	囂俳	1	
ᅙᅦ5	硬	1	
ᅙᅵ5	硬	1	
어5셱1	烏色	1	
ᄃᆤ걀5	條件	1	
관2	管	1	
볜2과	變卦	1	
옌훈5	緣份	1	
좐4	全	1	
콸2퐈	看破	1	
히5솅1	犧牲	1	
턀	疼	1	
상	送	1	
완4	完	1	
완2훈5	怨恨	1	
뽠2	滿	1	
산5뼹해1세	山盟海誓	1	
짇듈4	一場	1	
딛1	得	1	
꽌5	願	1	
어5암	烏暗	1	
김5김1	金金	1	
훈5	恨	1	
괃1뎽5	決定	1	
등4	長	1	
짇버5	一步	1	
허쥐2	雨水	1	
악1담4	沃澹	1	
살5커	衫褲	1	
지2	只	1	
곙2가1	更加	1	
곈5경4	堅強	1	
붸효5	背後	1	
커1처2	苦楚	1	
곈5뎽5	堅定	1	
퐐5	伴	1	
형2졘걀4	向前行	1	
먀4	名	1	
춛1시	出世	1	
호1먀5	好命	1	
싣1배	失敗	1	
빤빤5	慢慢	1	
운먀5	運命	1	
지1ᄋᆤ	只要	1	
영심1	用心	2	
셓1	踅	1	
하코	下課	1	
뮈1강1	每工	1	
심5래5	心內	1	
챠5롄2	車輦	1	
카5닿1	跤踏	1	
갸	寄	1	
츄뎽2	樹頂	1	
ᄌᆤ1아2	鳥仔	1	
붇1시4	不時	1	
ᄐᅷ5턀1	偷聽	1	
담4	談	1	
롼애	戀愛	1	
역1훼5	約會	1	
심5쟐4	心情	2	
킁	囥	1	
순졩4	純情	1	
활5활5히1히2	歡歡喜喜	1	
기태5	期待	1	
딜5삗1	甜蜜	1	
주5삐5	滋味	1	
참1	摻	1	
재5	在	1	
아2	仔	1	
어5어1	烏烏	1	
꺟1	攑	1	
듸ᄐᅷ4	鋤頭	1	
굳1	掘	1	
어5	芋	1	
짇쀄2	一尾	1	
솬5류5거2	旋鰡鼓	1	
진5쟐	真正	1	
추2삐5	趣味	1	
쟐2	䭕	1	
쇼5팧	相拍	1	
렁2퐈	挵破	1	
댤2	鼎	1	
렁	挵	1	
쟘쟘5	漸漸	1	
키1걀4	起行	1	
재2훼5	再會	1	
거2형1	故鄉	1	
친5쟐4	親情	1	
베뿌2	爸母	1	
고2시4	告辭	1	
래킈	來去	1	
턀5랑겅2	聽人講	1	
삔빵5	眠夢	1	
뚜호4	如何	1	
짇잠5	一站	1	
헝5곙2	風景	1	
짇뻐5	一幕	1	
덩5죄	當做	1	
람주1각	男主角	1	
봘1	搬	1	
훈유수2해2	雲遊四海	1	
유2디5	幼稚	1	
럭관1	樂觀	1	
효고2	後果	1	
달1	擔	1	
꽌령5	原諒	1	
붇1ᄒᅷ	不孝	1	
탄	趁	1	
괄1긴2	趕緊	1	
롷챠1	落車	1	
루1켛	旅客	1	
혠대	現代	1	
짇덩	一棟	1	
츌5	像	1	
뀋뉴4	月娘	1	
죠	照	1	
귀5미4	規暝	1	
쿤	睏	1	
롄4	連	1	
훃1쿤	歇睏	1	
강콴2	仝款	1	
허셩1	互相	1	
이5와2	依倚	1	
졩애	情愛	1	
준재5	存在	1	
감5꽌5	甘願	1	
조2훼2	做伙	1	
심5뎡1	心中	1	
삐1레5	美麗	1	
서1재5	所在	1	
서1우5	所有	1	
읻1체	一切	1	
희4	魚	1	
싣1뻥5	失望	1	
띰1내5	忍耐	1	
당5시4	當時	1	
위읻	唯一	1	
돠해2	大海	1	
헝5옝2	風湧	1	
옝2	湧	1	
뼹2	猛	1	
킫1쟣1	乞食	1	
춛1ᄐᅷ틸1	出頭天	1	
완2틸1	怨天	1	
유띤4	尤人	1	
쇼1심1	小心	1	
능각	兩角	1	
삼5붇1꺼시4	三不五時	1	
각	角	1	
감1졩4	感情	1	
주2뎽5	註定	1	
호1한	好漢	1	
퐈2박	破腹	1	
살5길	相見	1	
겅5임1	光陰	1	
규4	求	1	
뼹리5	名利	1	
ᄅᆤ2	了	1	
쳰5김1	千金	1	
란4	難	1	
아5겅5아2	阿公仔	1	
퐈	破	1	
ᄐᅷ게1	頭家	1	
ᄎᅷ2ᄎᅷ	臭臭	1	
ᄎᅷ	臭	1	
돠ᄃᆤ4	大條	1	
춘1	賰	1	
커1	顆	1	
꼔2ᄐᅷ4	癮頭	1	
조	做	1	
신5쉬2	薪水	1	
재세	在世	1	
호빋	何必	1	
완2먀5	怨命	1	
호1꺟1	好額	1	
산2쟣1	散食	1	
킨캼5	勤儉	1	
핀돨5*	貧惰	1	빈돨5
빈돨5	貧惰	1	
가	到	1	
주1괄1	主官	1	
텽	暢	1	
증1	妝	1	
쉐1	衰	1	
ᄅᅷ2ᄑᅷ4	落跑	1	
턀5겅2	聽講	1	
짇샬1	一聲	1	
덕야5	獨夜	1	
쥬2	守	1	
뎽5에5	燈下	1	
촁5헝1	清風	1	
뒤2삔5	對面	1	
췌1	吹	1	
길	見	1	
고1뗸4	果然	1	
ᄇᆤ5디	漂緻	1	
삔빻	面肉	1	
쉬4	誰	1	
주1데5	子弟	1	
팰1세	歹勢	1	
돨4	彈	1	
비베4	琵琶	1	
렁군1	郎君	1	
이2애	意愛	1	
슐뾯	想欲	1	
령군1	良君	1	
앙5새	翁婿	1	
호시4	何時	1	
군1	君	1	
채2	採	1	
등5캐1	當開	1	
덩5캐1	當開	1	
태5	待	1	
턀5길	聽見	1	
꽈삔5	外面	1	
퀴5믕4	開門	1	
콸2매5	看覓	1	
훋	忽	1	
꽈ᄏᅷ2	外口	1	
대1	呆	1	
꽏로2	月老	1	
베5	爸	1	
돠	蹛	1	
즈1데5	子弟	1	
락뀋1	六月	1	
띧즤2	日子	1	
띱볭1	入兵	1	
칟1자1뵣1자2	七早八早	1	
볭1	兵	1	
볭5ᄐᅷ4	兵頭	1	
슈1	收	1	
앙뎽5기	紅登記	1	
뗸ᄋᅷ5	然後	1	
쟣헝1	食風	1	
삔층4	眠床	1	
팋1두4	鐵櫥	1	
볭5살1	兵衫	1	
볭5커	兵褲	1	
커	褲	1	
게1	加	1	
짐4	蟳	1	
짇쟣	一隻	1	
쟣	隻	1	
홛	發	1	
피키	脾氣	1	
ᄅᅷ뎽2	樓頂	1	
ᄅᅷ카1	樓跤	1	
왈5	換	1	
증2캉2	鑽孔	1	
챃1ᄎᅷ2	插草	1	
셩데5	上第	1	
쟣랃1	食力	1	
겅5리2	公里	1	
긍1	扛	1	
조2볭1	做兵	1	
능띧1	兩日	1	
살5띧1	三日	1	
셜뼇	想欲	1	
걈2	減	1	
짇커1	一箍	1	
혱얄2	形影	1	
짇준5	一陣	1	
춘5헝1	春風	1	
ᄃᆤ4	牢	1	
ᄅᆤ4	聊	1	
도	倒	1	
귀5에4	規个	1	
샤2	寫	1	
잠5	站	1	
롷래4	落來	1	
ᄀᅷ5대5	交代	1	
걀5걀1	驚驚	1	
슐키2	想起	1	
쇼1콰1아2	小可仔	1	
췌5	揣	1	
귀1	規	1	
창	藏	1	
호1세	好勢	1	
위1쿧	委屈	1	
헝5뎡1	風中	1	
붸5롕4	飛龍	1	
ᄒᅷ2	吼	1	
샬5샬1	聲聲	1	
틸5요데당5	天搖地動	1	
돤솯	傳說	1	
퇀솯*	傳說	1	돤솯
뎽1괠4	頂懸	1	
솨	紲	1	
뚜2	愈	1	
퀴1	開	1	
덩5시4	當時	1	
도5졩4	多情	1	
캄	崁	1	
쳰5산5빤쉬2	千山萬水	1	
츄1래5	手內	1	
쳥삐4	薔薇	1	
삐삐5	微微	1	
팡1	芳	1	
삐5	微	1	
걀닿1	行踏	1	
킨5상1	輕鬆	1	
카5버5	跤步	1	
댬5	恬	1	
댬댬5	恬恬	1	
춛1샬1	出聲	1	
왇ᄐᅷ4	斡頭	1	
궤2킈	過去	1	
쇃	煞	1	
류렁5	流浪	1	
졍5댬2	終點	1	
뫄2	滿	1	
훼5우2	花雨	1	
뻥뿌5	茫霧	1	
래되2	內底	1	
신4	神	1	
촁5니4	千年	1	
류좐2	流轉	1	
주적1도5졩4	自作多情	1	
주5	自	1	
깐1졩4	眼前	1	
데꼑1	地獄	1	
곙2	揀	1	
톈5셩5	天上	1	
데하5	地下	1	
띤간1	人間	1	
수2헝1	四方	1	
ᄋᆤ5꼗1	妖孽	1	
테2하5	退下	1	
졍2솅1	眾生	1	
슈줴5	受罪	1	
심5겅4	心狂	1	
훼1돟1	火著	1	
심5겅훼1돟1	心狂火著	1	
뼹재1	明知	1	
쳰5초2빤초	千錯萬錯	1	
관1	關	1	
춛1게	出嫁	1	
ᄉᆤ2롄게1	少年家	1	
뫄1이	滿意	1	
봫ᄀᆤ2	跋筊	1	
푸4	浮	1	
심1밓1	什物	1	
샬1밓1	啥物	1	
위심1밓1	為什物	1	
위샬1밓1	為啥物	1	
디시4	底時	1	
도1위5	底位	1	
도1롷1	底落	1	
샬1랑4	啥人	1	
샹4	샹ˊ	1	
디랑4	底人	1	
댱4	댱ˊ	1	
안1좔2	按怎	1	
안1좔1율5	按怎樣	1	
되2	底	1	
데1커	底褲	1	
래살1	內衫	1	
지2키	志氣	1	
ᄉᆤ5싣	消失	1	
닥1딜4	觸纏	1	
샬2	啥	1	
시2괴	四界	1	
탐2턀1	探聽	1	
ᄉᆤ5싣	消息	1	
박1	縛	1	
시1시2	死死	1	
청2디5	創治	1	
재	再	1	
졛1뽜4	折磨	1	
잡니4	十年	1	
붇1디5붇1각	不知不覺	1	
탕1	窗	1	
탕5꽈5	窗外	1	
꽈5	外	1	
람띤4	男人	1	
뤼5	淚	1	
삔뒤	面對	1	
혠싣1	現實	1	
빵뎡1	夢中	1	
내곙2기	荔鏡記	1	
대지	代誌	1	
ᄐᅷ러5	頭路	1	
당옿1	同學	1	
옿등4	學堂	1	
홛1더5	法度	1	
기5훼5	機會	1	
샤훼5	社會	1	
졩2디5	政治	1	
곙5제	經濟	1	
뿐화	文化	1	
랑켛	人客	1	
뎡5ᄃᅷ	中晝	1	
삔아1재	明仔載	1	
먀4재*	明仔載	1	삔아1재
촁5키	清氣	1	
셴5실1	先生	1	
팡4	捧	1	
커1샵	苦澀	1	
도2	底	1	
지1붇1고	只不過	1	
쥬1셴1	酒仙	1	
뻐율5	模樣	1	
살2	啥	1	
유5꽌4	猶原	1	
ᄋᅷ뱧	後壁	1	
나ᄋᅷ4	嚨喉	1	
소1시4	鎖匙	1	
뿐되4	問題	1	
ᄅᅷ수1	老師	1	
빵러5	網路	1	
빵잠5	網站	1	
빵5	網	1	
삔쳏	面冊	1	
켛	客	1	
궤1즤2	果子	1	
뭬4	糜	1	
헝5태1	風颱	1	
취2둔4	喙脣	1	
암군2	頷頸	1	
자5흥1	昨昏	1	
수5갛	舒佮	1	
갛1이	佮意	1	
거1쥐1	古錐	1	
거1자2	古早	1	
구자2	舊早	1	
구니4	舊年	1	
메니4	明年	1	
긴5니4	今年	1	
삔아1띧1	明仔日	1	
고	個	1	
짇고	一个	1	
짇고2뀋1	一個月	1	
능고2뀋1	兩個月	1	
살5고2뀋1	三個月	1	
귀2	鬼	1	
퓌	屁	1	
방2퓌	放屁	1	
채2치아2	菜市仔	1	
볜서2	便所	1	
푼1	潘	1	
헤4	蝦	1	
당5롕4	東寧	1	
당5롕임1	東寧音	1	
롕4	寧	1	
꼔5	諺	1	
한	漢	1	
한2띠5	漢字	1	
옝5꾸2	英語	1	
옝5뿐4	英文	1	
뵣1댬1덩2	八點檔	1	
심5졩4	心情	1	
카	敲	1	
카2뎬웨5	敲電話	1	
롄4	憐	1	
앙머랑4	紅毛人	1	
앙머웨5	紅毛話	1	
어5아1	烏鴉	1	
아1	鴉	1	
아5폔	鴉片	1	
댬5	店	1	
빻1굳1데4	肉骨茶	1	
굳	骨	1	
빻1괄1	肉乾	1	
샤1풰1	寫批	1	
빋	筆	1	
옌빋	鉛筆	1	
츄1기1	手機	1	
츄1기5아2	手機仔	1	
뾔1뾔5	買賣	1	
쇼5빻1장	燒肉粽	1	
빡걀	目鏡	1	
옌4	緣	1	
ᄃᅷ4	投	1	
댬	踮	1	
띤진1	認真	1	
쉬2	媠	1	
주1랑4	主人	1	
조2강1	做工	1	
삔셱	面色	1	
죄2강1	做工	1	
볜솅4	變成	1	
짇듈1	一張	1	
ᄌᅷ1췌5	走揣	1	
졩러5	前路	1	
캄1켿1	坎坷	1	
캄1캬1	坎欹	1	
퀴5엉2	開往	1	
준쟣	船隻	1	
코2활5	靠岸	1	
활5	岸	1	
테1훼5	體會	1	
쉬4	隨	1	
밓걀5	物件	1	
ᄅᆤ1ᄋᅷ5	了後	1	
쇠2한	細漢	1	
받아2	菝仔	1	
받1	菝	1	
태2더5	態度	1	
인	應	1	
청	創	1	
리1유4	理由	1	
개1쉫	解說	1	
완5게1	冤家	1	
준1비5	準備	1	
증1	裝	1	
튀튀4	槌槌	1	
바2	飽	1	
바1바2	飽飽	1	
즤2	子	1	
팍띧1	曝日	1	
솨1	痧	1	
ᄌᅷ2카1	灶跤	1	
치5	飼	1	
갛	蓋	1	
버2데5	布袋	1	
자5암	昨暗	1	
닥띧1	逐日	1	
뎬덩5	電動	1	
이2곈	意見	1	
코1롕4	可能	1	
ᄋᅷ레1배	後禮拜	1	
자1등	早頓	1	
능띤4	卵仁	1	
ᄐᅷᄂᅷ2	頭腦	1	
캉5캉1	空空	1	
춛1믕4	出門	1	
둏솨1	著痧	1	
폔5폔1	偏偏	1	
강5	仝	1	
캼2제	欠債	1	
시2랑4	世人	1	
헝5췌1	風吹	1	
롷터4	落塗	1	
셩호2	上好	1	
죄2훼2	做伙	1	
짇시2랑4	一世人	1	
솰	散	1	
포5	抱	1	
비5셩1	悲傷	1	
셩애	上愛	1	
레1배	禮拜	1	
뎽1레1배	頂禮拜	1	
배	拜	1	
배2배	拜拜	1	
배2읻	拜一	1	
배2띠5	拜二	1	
배2살1	拜三	1	
배2시	拜四	1	
배2꺼5	拜五	1	
배2락1	拜六	1	
등4	堂	1	
ᄀᅷ2등4	教堂	1	
ᄀᅷ	教	2	
가	教	1	
퐈2벨5	破病	1	
퐈2빌5	破病	1	
쇠2	洗	1	
귀5강1	規工	1	
칸1	牽	1	
ᄃᆤᄃᆤ4	牢牢	1	
졍5래4	將來	1	
졍1	將	1	
ᄃᅷ1	兜	1	
차1차1ᄂᅷᄂᅷ5	吵吵鬧鬧	1	
차1ᄂᅷ5	吵鬧	1	
ᄅᅷ뗻1	鬧熱	1	
위호4	為何	1	
방2삭	放捒	1	
죠2걀	照鏡	1	
짐5젹	斟酌	1	
홛1혠5	發現	1	
시시켹1켹	時時刻刻	1	
캉5희1	空虛	1	
룬5	論	1	
쇼1쟈2	小姐	1	
쥐1질1	水晶	1	
석1박1	束縛	1	
덕옉1	毒液	1	
주2띱1	注入	1	
챨1믕5	請問	1	
우1듀5	宇宙	1	
갈2	敢	1	
살5당1	三冬	1	
봘	半	1	
졩풰1	情批	1	
재셱	在室	1	
미4	暝	1	
봘2미4	半暝	1	
닥1	逐	1	
닥강1	逐工	1	
강1길4	港墘	1	
띧띧야야5	日日夜夜	1	
홰끼4	懷疑	1	
수2풰	四配	1	
ᄀᅷ5붸4	交陪	1	
죠1	招	1	
추2래5	厝內	1	
킴4	琴	1	
돨킴4	彈琴	1	
ᄎᆤ5ᄎᆤ1	悄悄	1	
일4	圓	1	
덩5헝1	東方	1	
안5심1	安心	1	
심5안1	心安	1	
수5띱홛	輸入法	1	
수1	輸	1	
이1ᄋᅷ5	以後	1	
림4	林	1	
유5	佑	1	
유5	祐	1	
혁	郁	1	
주4	慈	1	
안	晏	1	
찬4	田	1	
뎬4	田	1	
츄1	秋	1	
휘1	輝	1	
림뎬4	林田	1	
듈1	張	1	
리2	李	1	
혱리2	行李	1	
고1	高	1	
고5팋	高鐵	1	
도5	道	1	
암2캄	暗崁	1	
감1샤5	感謝	1	
도5샤5	多謝	1	
샤5	謝	1	
쟈5	謝	1	
샤줴	謝罪	1	
시짇	辭職	1	
시ᄐᅷ러5	辭頭路	1	
퍽1수5	博士	1	
수5	士	1	
퍽1뿓관2	博物館	1	
셱수5	碩士	1	
학수5	學士	1	
띤수5	人士	1	
추2래랑4	厝內人	1	
벻1셀	百姓	1	
벻1실	百姓	1	
주1삔4	子民	1	
ᄅᅷ4	劉	1	
븡1	方	1	
율4	楊	1	
열4	楊	1	
강2	港	1	
강1완1	港灣	1	
궤2꼔	過癮	1	
버5	部	1	
버믕4	部門	1	
수5코2	思考	1	
코2	考	1	
수1	思	1	
필	片	1	
얄1필	影片	1	
헉1키	福氣	1	
헉	福	1	
쇠2띠5	細膩	1	
삫	覕	1	
욯	臆	1	
뮈2	每	1	
감4	含	1	
취2빌1	喙邊	1	
ᄅᅷ4	留	1	
조5	座	1	
샬치5	城市	1	
훈5퀴1	分開	1	
비2삗1	秘密	1	
환세	凡勢	1	
쟐4	誠	1	
쟐호2	誠好	1	
캐5시2	開始	1	
주기5	自己	1	
곈	建	1	
솅4	成	1	
곈5	健	1	
곈컹1	健康	1	
귀5셕	歸宿	1	
훈해2	雲海	1	
걱	各	1	
군5엉4	君王	1	
밯1니4	百年	1	
옌볭4	延平	1	
세2정1	世宗	1	
살5길2활1	相見歡	1	
추2	此	1	
해4	還	1	
운5뿐니1ᅙᅡ2	溫文爾雅	1	
신5ᄋᅷ5	身後	1	
퇀4	傳	1	
댬졩5	恬靜	1	
어쥐1삔5	湖水面	1	
윃1	劃	1	
시1	絲	1	
포5뿐4	波紋	1	
어쥐2	湖水	1	
어4	湖	1	
쟐	正	1	
신5뎍1	身著	1	
첼5ᄑᅷ	青袍	1	
요5괠4	腰懸	1	
붸걈	佩劍	1	
걱1솅2야4	國姓爺	1	
볭4	爿	1	
덩2댬5	擋恬	1	
ᄃᆤ셴2	朝鮮	1	
짇구	一句	1	
옌볭엉4	延平王	1	
안5롕4	安寧	1	
옌4	延	1	
뿐뿐아1쵸	文文仔笑	1	
팧1죠5허1	拍招呼	1	
솨2래4	紲來	1	
겅1홛	講法	1	
띠4	而	1	
짇시1	一絲	1	
솬샿	訕削	1	
뚜추2	如此	1	
경1키1츄2	拱起手	1	
규1꼉2	久仰	1	
빡쀄2	目尾	1	
샴1	䀐	1	
짇빡1	一目	1	
훼레2	回禮	1	
경1츄2	拱手	1	
빤당1	閩東	1	
빤당5꾸2	閩東語	1	
걀5	件	1	
과2이	掛意	1	
뎽1시2랑4	頂世人	1	
위5	位	1	
군5주2	君子	1	
옝5암	下昏暗	1	
걀1순1	囝孫	1	
곋1고2	結果	1	
줴2ᄋᅷ5	最後	1	
앙1	翁	1	
두2	拄	1	
톈5훈5	天份	1	
왇1	斡	1	
왇ᄐᅷᄌᅷ2	斡頭走	1	
담5꺼5	耽誤	1	
운5뜌4	溫柔	1	
빧	捌	1	
ᄋᆤ5규4	要求	1	
완솅4	完成	1	
쇼5뉴5	相讓	1	
호1팰2	好歹	1	
짇배2	一擺	1	
함5	和	1	
젹	足	1	
짇랑4	一人	1	
짇봘	一半	1	
훈뎡1	雲中	1	
뀋일4	月圓	1	
틸5칠1	天星	1	
셩5쉬4	相隨	1	
칠1	星	1	
첼1	星	1	
슈2	首	1	
졩과1	情歌	1	
해1각	海角	1	
틸5빌1	天邊	1	
대ᄇᆤ2	代表	1	
훼5뤼2	花蕊	1	
팡5삐5	芳味	1	
죻ᄐᅷ4	石頭	1	
놔5	爛	1	
해1쥐2	海水	1	
침5침1	深深	1	
쉬5뗸4	雖然	1	
세2졩4	世情	1	
도1	多	1	
볜2화	變化	1	
루1더4	旅途	1	
짇퇄1	一攤	1	
퇄1	攤	1	
해1헝1	海風	1	
심5샬1	心聲	1	
졩해2	情海	1	
푸딤4	浮沉	1	
실2먀5	性命	1	
셀2먀5	性命	1	
짇춛	一出	1	
히	戲	1	
샵	澀	1	
걈승5커1샵	鹹酸苦澀	1	
친5졩4	親情	1	
챨4	晟	1	
신5커2	辛苦	1	
뵣1훈5	八分	1	
얄4	贏	1	
롕1롼2	冷暖	1	
붸퐐5	陪伴	1	
한당1	寒冬	1	
운5롼2	溫暖	1	
샹5츄2	雙手	1	
캄1캄1켹1켹	坎坎刻刻	1	
형	向	1	
야치5	夜市	1	
보1비	保庇	1	
래ᄀᅷ	來到	1	
류혱4	流行	1	
팔5	奅	1	
심5ᄐᅷ4	心頭	1	
읻1딛1	一直	1	
럏1	掠	1	
뎽5	定	1	
지2	指	1	
지1댬2	指點	1	
신텅1	神通	1	
치	試	1	
치2콸2매5	試看覓	1	
챰5시1	籤詩	1	
챰1	籤	1	
시1	詩	1	
튜1	抽	1	
죄2롷1	做落	1	
시기1	時機	1	
쥴5	上	1	
신뼹4	神明	1	
저딘5	助陣	1	
운더4	運途	1	
처5버5	初步	1	
환4	凡	1	
셩쇠	詳細	1	
ᄌᆤ2버걀4	照步行	1	
환수5	凡事	1	
파5파5ᄌᅷ2	拋拋走	1	
폗	撇	1	
폗1버5	撇步	1	
춘1	春	1	
춘5허5	春雨	1	
거2이	故意	1	
람4	淋	1	
거	故	1	
셩5심1	傷心	1	
내5	奈	1	
ᄀᅷ2달1	到今	1	
뽀채1강1	뽀彩工	1	
빡니5	茉莉	1	
춘5틸1	春天	1	
츄5틸1	秋天	1	
헝훈1	黃昏	1	
띧ᄐᅷ4	日頭	1	
롷솰1	落山	1	
오아1졘1	蚵仔煎	1	
오4	蚵	1	
오아2	蚵仔	1	
락1찯	落漆	1	
랑게1	人家	1	
호1쥐2	好水	1	
풰	配	1	
호1데4	好茶	1	
화5영꽏ᄆᅷ5	花容月貌	1	
붇	不	1	
졍5귀1	終歸	1	
락1훼1	落花	1	
호추	何處	1	
긴5미4	今暝	1	
김5솅1	今生	1	
걀5햘4	驚惶	1	
댤둏1	定著	1	
벙헝4	彷徨	1	
빈4	憑	1	
꺼댬1봘	五點半	1	
영1걀5	勇健	1	
가2수2	駕駛	1	
쿤2란4	困難	1	
저1깨5	阻礙	1	
테4	提	1	
퀴2랃1	氣力	1	
위함5	遺憾	1	
졘4	前	1	
볭안1	平安	1	
오5너2	婀娜	1	
팍1	曝	1	
돠허5	大雨	1	
악	沃	1	
뎽1진1	頂真	1	
퀴5챠1	開車	1	
닿1옝	答應	1	
롷훃1	落葉	1	
뫄1뫄2	滿滿	1	
슐5싀1	相思	1	
럅1	粒	1	
리볟1	離別	1	
역1석	約束	1	
심5희1	心虛	1	
귀2	幾	1	
켹	刻	1	
각1칠2	覺醒	1	
뒤롷1	墜落	1	
침5킬1	深坑	1	
봫	撥	1	
리5	離	1	
뚜김1	如今	1	
치5심1	痴心	1	
훈옌1	雲煙	1	
키2삐5	氣味	1	
짇춘	一吋	1	
빤1훼4	挽回	1	
욯1	藥	1	
이1	醫	1	
애5완5	哀怨	1	
허샬1	雨聲	1	
히5삐4	稀微	1	
상1	鬆	1	
빵4	茫	1	
쇼5강5	相仝	1	
ᄉᆤ2롄랑4	少年人	1	
영1감2	勇敢	1	
돠장4	大欉	1	
턀2심1	疼心	1	
게2셕1	繼續	1	
띤덩4	認同	1	
삐1빵5	美夢	1	
뼨1경2	勉強	1	
쇼1준4	小船	1	
죄2퐐5	做伴	1	
진5심1	真心	1	
졩훈5	情份	1	
기탈1	其他	1	
셕의4	屬於	1	
훈떃	痕跡	1	
붸얄2	背影	1	
갛1쟣	胛脊	1	
히2랑5	戲弄	1	
쾋	闊	1	
ᄑᆤ5폗	飄撇	1	
란뼨2	難免	1	
유5츄4	憂愁	1	
완2유4	怨尤	1	
쇼5틴5	相伨	1	
순순5	順順	1	
괴5치5	街市	1	
뎡5응1	中央	1	
뎽5훼2	燈火	1	
헝2덩5	放蕩	1	
ᄋᆤ1슈5	夭壽	1	
깐1신4	眼神	1	
딘1당5	振動	1	
띤겧	人格	1	
보1졩	保證	1	
효훼2	後悔	1	
뻑졩4	目前	1	
위지2	為止	1	
끼4	疑	1	
리퀴1	離開	1	
셩5해5	傷害	1	
이2	已	1	
조솅4	造成	1	
후졕1띰5	負責任	1	
위1대5	偉大	1	
강5산5이개2	江山易改	1	
단5	但	1	
분1솅2란이4	本性難移	1	
빡빼4	目眉	1	
좐버5	全部	1	
등1셓1	轉踅	1	
톙4	亭	1	
톙아1카1	亭仔跤	1	
탕아2	窗仔	1	
능1쟐2	軟䭕	1	
좔1율5	怎樣	1	
퀴5훼1	開花	1	
기2딛1	記得	1	
ᄐᅷ5ᄐᅷ1	偷偷	1	
꽌빵5	願望	1	
담거거4	澹糊糊	1	
곙1셱	景色	1	
쟙	接	1	
반겅5훼2	辦公伙	1	
삫1쇼5췌5	覕相揣	1	
돠한	大漢	1	
령붸5	狼狽	1	
샬1훼	啥貨	1	
란뻥5	難忘	1	
짇훈1	一分	1	
짇뾰2	一秒	1	
ᄋᅷ시2랑4	後世人	1	
순1	孫	1	
쉬2	水	1	
럄4	黏	1	
돠튀2	大腿	1	
뎩	得	1	
닥1짛1	觸舌	1	
ᄉᆤ5켼2	消遣	1	
추2빌5ᄐᅷ쀄2	厝邊頭尾	1	
걈5희1	謙虛	1	
혱5캄2	胸坎	1	
밓1	物	1	
삔걱	民國	1	
항2롕1	肨奶	1	
신5괘4	身懸	1	
비2수	閉思	1	
주1곈	主見	1	
톈5뗸4	天然	1	
고	過	1	
달5아2	今仔	1	
쟐4	情	1	
턀5랑츌	聽人唱	1	
짇댬1아2	一點仔	1	
규신4	求神	1	
쳳1등5	切斷	1	
뻬롼4	迷戀	1	
항헉1	降伏	1	
야체1	夜叉	1	
억1귀2	惡鬼	1	
꼗걀2대4	孽鏡台	1	
졩4	前	1	
심1퐐	審判	1	
춛1랃1	出力	1	
쳰5밯	千百	1	
대팋1위솰1	大鐵圍山	1	
뿌간5데꼑1	無間地獄	1	
훼1쇼1	火燒	1	
꼑샬4	獄城	1	
잡빤5	十萬	1	
뵣1촁1	八千	1	
뼹엉4	明王	1	
지인2	指引	1	
겅5뼹4	光明	1	
빵5	望	1	
탄1벻1	坦白	1	
거5신1	孤身	1	
박1임5헝5더1	北陰酆都	1	
짇에랑4	一个人	1	
ᄋᆤ5귀2	枵鬼	1	
베4	爬	1	
임5헝1	陰風	1	
잡뎬꺔군1	十殿閻君	1	
어5벻뿌셩4	烏白無常	1	
알2요1	揞腰	1	
럅	攝	1	
뻥훈4	亡魂	1	
레레4	犁犁	1	
뫄1삔5	滿面	1	
헝5성1	風霜	1	
걉	劫	1	
렁아2	櫳仔	1	
래삔5	內面	1	
셀	姓	1	
단	擲	1	
터카1	塗跤	1	
이2꽈5	意外	1	
훼1엉야4	火王爺	1	
혠신1	現身	1	
벻	擘	1	
후1	烌	1	
벻셱	白色	1	
헉1제	複製	1	
깐2	眼	1	
롕훈4	靈魂	1	
환화	幻化	1	
아5슈5로4	阿修羅	1	
대	代	1	
캄1	堪	1	
좓뻥5	絕望	1	
좐1룬솅2엉4	轉輪聖王	1	
키1신1	起身	1	
슈1허5	守護	1	
흥5	遠	1	
흥흥5	遠遠	1	
기규4	祈求	1	
졍2신4	眾神	1	
촁5팡1	清芳	1	
콸2거	看顧	1	
주5뤼5	珠淚	1	
러빌1	路邊	1	
앙훼1	紅花	1	
유1졩4	有情	1	
유1졩졍2솅1	有情眾生	1	
쇼5상	相送	1	
운1구5교4	隱痀橋	1	
주유4	自由	1	
응2빵5	向望	1	
볭볭안5안1	平平安安	1	
젹	祝	1	
셩5비1	傷悲	1	
뷯1	拔	1	
팋1롄5	鐵鏈	1	
도2등2	倒轉	1	
준5꺔4	尊嚴	1	
관5헤5	關係	1	
개2ᄉᆤ5	介紹	1	
란궤	難過	1	
과5돨4	歌壇	1	
과5뻬4	歌迷	1	
루1띠4	女兒	1	
유5	又	1	
켱1걀1	恐驚	1	
먀샬1	名聲	1	
ᄑᆤ5ᄑᆤ1	飄飄	1	
훼2ᄐᅷ4	歲頭	1	
옌5지5쥐1훈2	胭脂水粉	1	
달1반5	打扮	1	
뿌1대4	舞台	1	
ᄇᆤ1옌2	表演	1	
과5츌	歌唱	1	
뻬훈4	迷魂	1	
쵸2뿐뿐4	笑文文	1	
질꾼4	錢銀	1	
뿌1걀2	母囝	1	
셩5이5위뼹5	相依為命	1	
로커2	勞苦	1	
끼룬5	議論	1	
롼훈훈5	亂紛紛	1	
먀운5	命運	1	
혱2추	興趣	1	
챨영2	晟養	1	
봏졩렁4	薄情郎	1	
롕롁1	能力	1	
왛당5	活動	1	
졘뎽4	前程	1	
호1빵5	好夢	1	
재5붸4	栽培	1	
로마1띠5	羅馬字	1	
김5	妗	1	
아5김5	阿妗	1	
환훼1	繁花	1	
퍼2	譜	1	
분1래4	本來	1	
턀2탕	疼痛	1	
춛1꺕1	出業	1	
항5	項	1	
쟘시4	暫時	1	
분1질4	本錢	1	
당5	動	1	
졩	正	1	
혱위4	行為	1	
볙	逼	1	
붇1졩	不正	1	
귀	貴	1	
ᄐᅷ취	頭喙	1	
돠뒤1	大堆	1	
샹1	雙	1	
샹5카1	雙跤	1	
틸2튀2	牚腿	1	
ᄉᆤ1	銷	1	
켹1퀴1	克虧	1	
러1빻	滷肉	1	
러2	滷	1	
러1빻1븡5	滷肉飯	1	
옝5개1	應該	1	
새2	使	1	
돠괴5쇼1항5	大街小巷	1	
짇분2	一本	1	
ᄏᆤ2	巧	1	
얄ᄀᆤ2	贏筊	1	
게5훼2	家賄	1	
ᄀᅷ2쀄1아2	到尾仔	1	
죄2괄1	做官	1	
캐1	開	1	
돠돠5	大大	1	
쇠2쇠	細細	1	
걈1	兼	1	
어5세1	烏紗	1	
에5	挨	1	
ᄅᅷ벻1셀	老百姓	1	
ᄉᆤ1탐1	痟貪	1	
대띤4	大人	1	
게5	低	1	
삔되1풰4	面底皮	1	
칟1아2	姼仔	1	
러레4	露螺	1	
펑2헝1	膨風	1	
치5참2	悽慘	1	
가1	加	1	
ᄋᆤ	要	1	
죄2랑4	做人	1	
구2	久	1	
삐5	味	1	
위좔1율5	為怎樣	1	
수5롼4	思戀	1	
훈심1	狠心	1	
롼5	亂	1	
빵빵4	茫茫	1	
샹5랑4	雙人	1	
쇼5와2	相倚	1	
쇼1허솰	小雨傘	1	
쇼1러5	小路	1	
팰1걀4	歹行	1	
낫1리2	哪裡	1	
캉1	空	1	
캉5취2봏짛1	空喙薄舌	1	
닫1	達	1	
셴5릐2	仙女	1	
시1	施	1	
세5시1	西施	1	
쳰5쳰5빤빤5	千千萬萬	1	
간1단1	簡單	1	
셷1게	設計	1	
완5슈4	冤仇	1	
달2	打	1	
토1제	討債	1	
수5랑4	輸人	1	
ᄋᅷ배2	後擺	1	
샴2	閃	1	
당죄4	同齊	1	
뎽1시	頂世	1	
좋1	昨	1	
지	誌	1	
코1이2	可以	1	
톈5톻1	顛踱	1	
주유주재5	自由自在	1	
벻찯1	白賊	1	
폔2랑4	騙人	1	
방곙1	房間	1	
걱1랑4	各人	1	
슈5	受	1	
쟙1슈5	接受	1	
귈1	關	1	
ᄀᅷ1제	狡制	1	
슐5궤	傷過	1	
팰1콴2	歹款	1	
슐1	傷	1	
팰1궤	歹過	1	
좓졩4	絕情	1	
밯1밯	爸爸	1	
로럭1	勞碌	1	
봘2메4	半暝	1	
풰돨1	被單	1	
쇠2걀2	細囝	1	
취2다1	喙焦	1	
츄1긘1	手巾	1	
칟	拭	1	
칟1괄5	拭汗	1	
괘1	乖	1	
괘5걀2	乖囝	1	
담4	澹	1	
살5댬1졩1	三點鐘	1	
청2캉1	創空	1	
분2소	糞掃	1	
긴1	今	1	
긴5야5	今夜	1	
헝5우2	風雨	1	
딯	滴	1	
대	帶	1	
졩이	情意	1	
뗻롼4	熱戀	1	
쇼1허5	小雨	1	
테키2	提起	1	
롼4	戀	1	
처5롼4	初戀	1	
기1	支	1	
훈5리5	分離	1	
해5	害	1	
단꽌5	但願	1	
좐1닫1	轉達	1	
딯1딯	滴滴	1	
쥬5	就	1	
쉬옌4	隨緣	1	
주뗸4	自然	1	
빵칠2	夢醒	1	
재2곈	再見	1	
러셩5	路上	1	
홛1뎬2	發展	1	
졩러5	情路	1	
류롄4	流連	1	
보1숗	寶惜	1	
돨5	段	1	
령옌4	良緣	1	
환2	反	1	
벻빡1	白目	1	
제2조5	製造	1	
꼗옌4	孽緣	1	
호1챠1	好車	1	
돠추	大厝	1	
뱔2ᄉᅷ	摒掃	1	
앙쇼1	紅燒	1	
켼2팡1	芡芳	1	
귤1	薑	1	
솬	蒜	1	
쳰1톼1	淺拖	1	
두4	櫥	1	
퇗	屜	1	
삐1쥬1ᄐᅷ아2	米酒頭仔	1	
잔	讚	1	
셕1	俗	1	
호1콸	好看	1	
주1쟣1	煮食	1	
톼1	拖	1	
톼5아2	拖仔	1	
젹1팡1	足芳	1	
저1퇀4	祖傳	1	
비2흥1	秘方	1	
강2	講	1	
함1	蚶	1	
솨1	沙	1	
듸5카1	豬跤	1	
얌5	炎	1	
함5아2	蚶仔	1	
터2솨1	吐沙	1	
쇼5쥬1헤4	燒酒蝦	1	
뫄유괴1	麻油雞	1	
니1	拈	1	
콰2	可	1	
첼5첼1	生生	1	
샇1	煠	1	
힙	翕	1	
ᄐᅷ5니1	偷拈	1	
좐세2개	全世界	1	
데읻1먀4	第一名	1	
삐1쥬2	米酒	1	
삐1쥬1ᄐᅷ4	米酒頭	1	
친2채2	凊彩	1	
틸5뎽2	天頂	1	
류칠1	流星	1	
ᄀᅷ1햐5	蚼蟻	1	
심5리2	心理	1	
안5위5	安慰	1	
곅	激	1	
껑껑5	慐慐	1	
곅1껑껑5	激慐慐	1	
껑5	慐	1	
껑신4	慐神	1	
껑랑4	慐人	1	
껑걀2	慐囝	1	
야쾌2챠1	夜快車	1	
코2잠5	靠站	1	
뼹띧1	明日	1	
쉬1쉬2	媠媠	1	
짇암	一暗	1	
함	譀	1	
함2교	譀叫	1	
좧1	縒	1	
꼥심1	凝心	1	
ᄀᅷ5	厚	1	
형형4	雄雄	1	
짇취	一喙	1	
솅1	升	1	
셩5훼5	相會	1	
롼2	暖	1	
츄빡1	樹木	1	
괴5러5	街路	1	
순리5	順利	1	
귀1	歸	1	
운2	穩	1	
럭인	烙印	1	
귀5셕1	歸屬	1	
기2디4	記持	1	
솅위4	成為	1	
졘진	前進	1	
한5	限	1	
곙5롁1	經歷	1	
감1슈5	感受	1	
감2	感	1	
춛1띧1	出日	1	
솅5기1	生機	1	
승5딜5커1샵	酸甜苦澀	1	
띧셩4	日常	1	
솅쥬5	成就	1	
댬1댬1딯1딯	點點滴滴	1	
솅5키2	升起	1	
보1귀	寶貴	1	
샤1호2	寫好	1	
띧기	日記	1	
츄훃1	樹箬	1	
콸2길	看見	1	
나5	若	1	
친5유2	親友	1	
컹1	框	1	
퀴5취	開喙	1	
럄미1	連鞭	1	
롷터시4	落塗時	1	
뵣1띠5	八字	1	
야2	野	1	
퇴	替	1	
티4	啼	1	
야1ᄌᆤ2	野鳥	1	
왇ᄐᅷ걀4	斡頭行	1	
짇러5	一路	1	
에버1	下晡	1	
새5박1허5	西北雨	1	
배2	擺	1	
귀1나배2	幾若擺	1	
로2	惱	1	
키2신5로1먀5	氣身惱命	1	
메4	暝	1	
기4	旗	1	
괴1	街	1	
훈5휘1	紛飛	1	
시대	時代	1	
헤롷붇1뼹4	下落不明	1	
휗	血	1	
짇장4	一欉	1	
휼1	香	1	
벻뻬2	白馬	1	
나머4	南無	1	
관5세2임1	觀世音	1	
퍼삳	菩薩	1	
준2	準	1	
나준2	若準	1	
비5격1	悲劇	1	
좌5	逝	1	
ᄃᅷᇂᄃᅷᇂ아2	沓沓仔	1	
롄1	蔫	1	
호4	何	1	
내호4	奈何	1	
촁	銃	1	
훈5	分	1	
궤2켛	過客	1	
셓	雪	1	
곙5궤	經過	1	
뮈훼1	梅花	1	
곙5	挭	1	
솯	雪	1	
되4	題	1	
뻬되4	迷題	1	
게2	假	1	
진5진5게1게2	真真假假	1	
쉫	說	1	
ᄀᅷ웨5	厚話	1	
운1	恩	1	
운5애	恩愛	1	
개	蓋	1	
뿌4	無	1	
정1	蹤	1	
유믕4	油門	1	
취1	催	1	
진5	盡	1	
벙5	磅	1	
뒤1	追	1	
혱정1	行蹤	1	
컹1	悾	1	
치5졩4	痴情	1	
굳경5	倔強	1	
길2삔5	見面	1	
짇삔5	一面	1	
졍4	從	1	
띤꽌5	人願	1	
치1	痴	1	
곋1격1	結局	1	
커1졍1	苦衷	1	
진5졩4	真情	1	
청5성1	滄桑	1	
김5솅5김5세	今生今世	1	
셩5헝4	相逢	1	
셕1뻑1	寂寞	1	
후	付	1	
싣1롷1	失落	1	
뗻졩4	熱情	1	
턀2숗	疼惜	1	
쵸2퀘1	笑詼	1	
환1붸5	反背	1	
심5승1	心酸	1	
수싣1	事實	1	
ᄅᅷ싣1	老實	1	
헝붸4	奉陪	1	
착1	鑿	1	
ᄅᅷ휗	流血	1	
렁빤5	浪漫	1	
훋1뗸4	忽然	1	
간1	間	1	
삔4	眠	1	
각	覺	1	
류롼4	留戀	1	
꺄게4	夯枷	1	
싣1삔4	失眠	1	
메5	罵	1	
태	太	1	
린5렁1	玲瑯	1	
더궤	度過	1	
뼹뀋1	明月	1	
캄1캄1켿켿1	坎坎坷坷	1	
춛1혠5	出現	1	
ᄑᆤ1	飄	1	
볜2죄	變做	1	
ᄑᆤ5렁5	飄浪	1	
커1킁	苦勸	1	
촁5첼2	清醒	1	
덕1	毒	1	
졩웨5	情話	1	
거5거5돨5돨1	孤孤單單	1	
타5형1	他鄉	1	
보1뎡5	保重	1	
뎡5츄1	中秋	1	
러쥐2	露水	1	
괄5빵4	菅芒	1	
춘5하츄5당1	春夏秋冬	1	
항4	航	1	
띰1심1	忍心	1	
이형1	異鄉	1	
훼항4	回航	1	
잔띰2	殘忍	1	
람4	男	1	
띠4	兒	1	
람띠4	男兒	1	
승1	霜	1	
심5턀	心疼	1	
더1키	賭氣	1	
채2	彩	1	
더2	賭	1	
죻	借	1	
운2	溫	1	
준4	存	1	
운1준4	溫存	1	
컹5키	空氣	1	
ᄎᅷ1ᄂᅷ5	吵鬧	1	
격1	劇	1	
격졩4	劇情	1	
짇돨5	一段	1	
수ᄀᅷ2뚜김1	事到如今	1	
턓	拆	1	
당	凍	1	
승5셓	霜雪	1	
수5얄4	輸贏	1	
딛1	直	1	
죄5	㩼	1	
캼	欠	1	
덩	棟	1	
촤5	𤆬	1	
